{"train_loss": 0.052103813737630844, "val loss": 0.051872655749320984, "_timestamp": 1700048476.2474, "_runtime": 352.6006610393524, "_step": 599}