{"train_loss": 2.7811959648132323, "_timestamp": 1700045020.979745, "_runtime": 48.216102838516235, "_step": 95, "val loss": 2.5889546966552732}