{"learning rate": 0.0, "_timestamp": 1700045625.0519009, "_runtime": 63.47937297821045, "_step": 299, "train_loss": 3.3031678199768066, "val loss": 3.303162097930908}