{"learning rate": 0.0, "_timestamp": 1700045472.239008, "_runtime": 93.96850085258484, "_step": 299, "train_loss": 2.551354856491089, "val loss": 2.516219930648804}