{"train_loss": 1.4276936054229736, "val loss": 1.4140815734863281, "_timestamp": 1700047703.7982764, "_runtime": 106.89302253723145, "_step": 199}