{"train_loss": 3.717756509780884, "_timestamp": 1700047322.10325, "_runtime": 122.05867195129395, "_step": 399, "val loss": 3.706861972808838}