{"train_loss": 5.0336863136291505, "_timestamp": 1700044830.8562422, "_runtime": 15.542427062988281, "_step": 9, "val loss": 4.8553845405578615}