{"learning rate": 0.0, "_timestamp": 1700046078.5574605, "_runtime": 131.83325862884521, "_step": 599, "train_loss": 4.601426124572754, "val loss": 4.601424694061279}