{"train_loss": 3.3974020004272463, "_timestamp": 1700044936.306646, "_runtime": 33.217374086380005, "_step": 39, "val loss": 3.317719841003418, "_wandb": {"runtime": 32}}