{"learning rate": 0.0, "_timestamp": 1700046314.347651, "_runtime": 123.46596598625183, "_step": 599, "train_loss": 5.324916362762451, "val loss": 5.324914455413818}