{"train_loss": 0.08123844116926193, "val loss": 0.08077239245176315, "_timestamp": 1700048061.7987351, "_runtime": 299.64939308166504, "_step": 499}